id,触发条件,标题,白话解释,依据等级,来源分级,出处,古籍原文,审核状态,审核人,审核意见(请填写),新状态(draft/reviewed/approved/rejected)
bz.shensha.天乙贵人,kind=shensha name=天乙贵人,神煞：天乙贵人,传统上把天乙贵人看作命中较吉的神煞：《三命通会》说它“三命中最吉之神”，遇到时常被理解为易得助力；但同一书也提醒“不可就为吉论”，还要看它是否得气、是否被冲破或落空亡。这里只列出它出现在哪一柱，属于传统说法，并不代表现实中一定如此。,流派观点／转述古籍并附原文引文（转录本，底本待核）,原文明确,三命通会·卷三·论天乙贵人（底本未核对）,天乙贵，三命中最吉之神 | 可见命中有贵，不可就为吉论，要当细详,未审核,,,
bz.shensha.驿马,kind=shensha name=驿马,神煞：驿马,驿马在传统里与“奔走、迁移、变动”相关，《三命通会》称它是“三命中发用，喜庆之神”，也说要看有没有空亡、冲破等情况。这里只列出它出现在哪一柱，属于传统说法，并不代表现实中一定如此。,流派观点／转述古籍并附原文引文（转录本，底本待核）,原文明确,三命通会·卷三·论驿马（底本未核对）,驿马者，三命中发用，喜庆之神 | 寅午戌生人，马在申而五阳干乘之,未审核,,,
bz.shensha.咸池,kind=shensha name=咸池,神煞：咸池,咸池又叫“桃花”，是长生十二宫里的“沐浴”之地。《三命通会》把它说成“非吉煞”，传统上多与感情、酒色、私情相联系；不过这只是旧书的说法，并不代表现实中的品行或结果，也要结合整个命盘来看。,流派观点／转述古籍并附原文引文（转录本，底本待核）,原文明确,三命通会·卷二·论咸池（底本未核对）,五行沐浴之地，名咸池 | 咸池非吉煞,未审核,,,
bz.shensha.劫煞,kind=shensha name=劫煞,神煞：劫煞,劫煞在《三命通会》里被解释为“外来的夺取”：在五行绝地处，属寅申巳亥。传统上多把它与破耗、被夺联系在一起，这是旧书说法，并不代表现实中一定如此；这里只列出它出现在哪一柱。,流派观点／转述古籍并附原文引文（转录本，底本待核）,转录异文（经其他传本校读）,三命通会·卷三·论劫煞亡神（底本未核对）,劫者，夺也，自外夺之之谓夺〔异文：文渊阁四库本作“自外夺之之谓劫”，仅一字之差，语义一致，不影响证据作用〕,未审核,,,
bz.shensha.亡神,kind=shensha name=亡神,神煞：亡神,亡神在《三命通会》里被解释为“自己失去”：在五行临官之处，属寅申巳亥。传统上多与耗散、失去联系在一起，这是旧书说法，并不代表现实中一定如此；这里只列出它出现在哪一柱。,流派观点／转述古籍并附原文引文（转录本，底本待核）,原文明确,三命通会·卷三·论劫煞亡神（底本未核对）,亡者，失也，自内失之之谓亡,未审核,,,
bz.shensha.将星,kind=shensha name=将星,神煞：将星,将星以三合局的中间一位为准，《三命通会》比作“将札中军”，传统上多与统领、担当相联系，并说需要有吉星相扶。这是传统说法，并不代表现实中一定如此；这里只列出它出现在哪一柱。,流派观点／转述古籍并附原文引文（转录本，底本待核）,原文明确,三命通会·卷二·论将星华盖（底本未核对）,将星者，如将札中军也，故以三合中位谓之将星,未审核,,,
bz.shensha.华盖,kind=shensha name=华盖,神煞：华盖,华盖以三合局的“库”位为准，《三命通会》用宝盖来比喻。传统上多把它与孤高、艺术、宗教相联系，旧书也有偏于孤独的说法，但只是传统看法，并不代表现实中一定如此；这里只列出它出现在哪一柱。,流派观点／转述古籍并附原文引文（转录本，底本待核）,原文明确,三命通会·卷二·论将星华盖（底本未核对）,故以三合底处得库谓之华盖,未审核,,,
bz.shensha.羊刃,kind=shensha name=羊刃,神煞：羊刃,羊刃指日干“禄前一位”的地支，只有五个阳干有。《三命通会》解释为旺过了头，传统上认为需要制衡。也要注意，另有流派对阴干也定羊刃，本项目按《三命通会》的说法，只对阳干设羊刃。《三命通会》卷十二引赋文说“刃”与“煞”相配才显威势，也就是要看整个命局的搭配。以上是传统说法，并不代表现实中一定如此。,流派观点／转述古籍并附原文引文（转录本，底本待核）,原文明确,三命通会·卷三·论羊刃（底本未核对）；三命通会·卷六·论阳刃（前论羊刃煞与此参看）（底本未核对）；三命通会·卷12·煞無刃不威刃無煞不顯（底本未核对）,羊言刚也，刃者取宰割之义 | 惟甲丙戊庚壬五阳干有刃，乙丁己辛癸五阴干无刃 | 刃為兵器無煞難存煞為軍令無刃不尊刃煞雙顯威鎮乾坤,未审核,,,
bz.shensha.金舆,kind=shensha name=金舆,神煞：金舆,金舆取“禄前二辰”，《三命通会》比作官员坐的车。传统上多视为较温和、安稳的象征，这是传统说法，并不代表现实中一定如此；这里只列出它出现在哪一柱。,流派观点／转述古籍并附原文引文（转录本，底本待核）,原文明确,三命通会·卷三·论金舆（底本未核对）,故金舆常居禄前二辰,未审核,,,
bz.shensha.孤辰,kind=shensha name=孤辰,神煞：孤辰,孤辰按出生年支所在的三方来定：如亥子丑年出生者以寅为孤辰。传统上认为与独立、离群的倾向相联系，这是传统说法，并不代表现实中一定如此；这里只列出它出现在哪一柱。,流派观点／转述古籍并附原文引文（转录本，底本待核）,原文明确,三命通会·卷三·论孤辰寡宿（底本未核对）,如亥子丑逐方三位，进前一辰见寅为孤，退后一辰见戌为寡,未审核,,,
bz.shensha.寡宿,kind=shensha name=寡宿,神煞：寡宿,寡宿按出生年支所在的三方来定：如亥子丑年出生者以戌为寡宿。传统上认为与孤独、感情较淡的倾向相联系，这是传统说法，并不代表现实中一定如此；这里只列出它出现在哪一柱。,流派观点／转述古籍并附原文引文（转录本，底本待核）,原文明确,三命通会·卷三·论孤辰寡宿（底本未核对）,如亥子丑逐方三位，进前一辰见寅为孤，退后一辰见戌为寡,未审核,,,
bz.shensha.月德贵人,kind=shensha name=月德贵人,神煞：月德贵人,月德按出生月所在的三合局来定天干（寅午戌月丙、申子辰月壬、亥卯未月甲、巳酉丑月庚）。传统上把它看作能“化解凶煞”的吉神；《三命通会》说带有凶煞时得二德扶助“凶不为甚”，这是传统说法，并不代表现实中一定如此；这里只列出它出现在哪一柱。,流派观点／转述古籍并附原文引文（转录本，底本待核）,原文明确,三命通会·卷三·论天月德（底本未核对）,月德者，乃三合所照之方，日月会合之辰 | 凡命中带凶煞，得此二德扶化，凶不为甚,未审核,,,
bz.shensha.月德合,kind=shensha name=月德合,神煞：月德合,月德合是月德天干的五合之干（如寅月丙对应辛）。《三命通会》把“月备合”与“天德合”一同列出，传统上视为与月德相配的助力，这是传统说法，并不代表现实中一定如此；这里只列出它出现在哪一柱。,流派观点／转述古籍并附原文引文（转录本，底本待核）,转录异文（经其他传本校读）,三命通会·卷三·论天月德（底本未核对）,月备合，如正月丙与辛合，二月甲与己合，三月壬与丁合，四月庚与乙合，余照此〔异文：文渊阁四库本作“月德合，如正月丙与辛合……”，本项目语料的“月备合”疑为转录之误；月德合的规则含义以四库本的“月德合”为准〕,未审核,,,
bz.shensha.德秀贵人,kind=shensha name=德秀贵人,神煞：德秀贵人,德秀按出生月所在的三合局取天干：“德”是当月旺相之气，“秀”是清秀之气。《三命通会》说得此者“赋性聪明，温厚和气”，前提是没有冲克破压。本项目只要某一柱的天干属于当月的德或秀就列出，并标明是德还是秀；“德秀同见”只表示德、秀两类干都出现，不等同于原文所说“无破冲克压”的完整成立，界面上不会把它说成完整的德秀贵人，这是传统说法，并不代表现实中一定如此；这里只列出它出现在哪一柱。,流派观点／转述古籍并附原文引文（转录本，底本待核）,原文明确,三命通会·卷三·论德秀（底本未核对）,德者，本月生旺之德；秀者，合天地中和之气、五行变化而成者也 | 赋性聪明，温厚和气,未审核,,,
bz.shensha.元辰,kind=shensha name=元辰,神煞：元辰,元辰以出生年支为基准：阳男阴女取年支相冲之支的前一位，阴男阳女取后一位。《三命通会》说它是“别而不合”之意，传统上视为不太顺遂的神煞，但也说有贵人或吉神相扶时另当别论，这是传统说法，并不代表现实中一定如此；这里只列出它出现在哪一柱。,流派观点／转述古籍并附原文引文（转录本，底本待核）,原文明确,三命通会·卷三·论元辰（底本未核对）,是以阳男阴女，在冲前一位支辰；阴男阳女，在冲后一位支辰,未审核,,,
bz.shensha.灾煞,kind=shensha name=灾煞,神煞：灾煞,灾煞是将星所在地支的对冲，常在劫煞之前。《三命通会》把它归为需要留意的神煞，传统上提示要看有没有官星、印绶等生旺之处来化解，这是传统说法，并不代表现实中一定如此；这里只列出它出现在哪一柱。,流派观点／转述古籍并附原文引文（转录本，底本待核）,原文明确,三命通会·卷三·论灾煞（底本未核对）,灾煞者，其性勇猛，常居劫煞之前，冲破将星，谓之灾煞,未审核,,,
bz.shensha.勾煞,kind=shensha name=勾煞,神煞：勾煞,勾煞以出生年支为基准：阳男阴女取年支之前三位，阴男阳女取之后三位。《三命通会》解释为“牵连”之意，传统上多提示要留意口舌、牵连之类的事，也说不与吉神同宫时不必用它，这是传统说法，并不代表现实中一定如此；这里只列出它出现在哪一柱。,流派观点／转述古籍并附原文引文（转录本，底本待核）,转录异文（经其他传本校读）,三命通会·卷三·论勾绞（底本未核对）,勾者，牵连之义；绞者，羁绊之名 | 阳男阴女，命前三辰为勾,未审核,,,
bz.shensha.绞煞,kind=shensha name=绞煞,神煞：绞煞,绞煞以出生年支为基准：阳男阴女取年支之后三位，阴男阳女取之前三位，与勾煞相对。《三命通会》解释为“羁绊”之意。原文中“命后一三辰”疑为“命后三辰”之误，本项目按其举例（甲子阳命人，酉为绞）取后三位，这是传统说法，并不代表现实中一定如此；这里只列出它出现在哪一柱。,流派观点／转述古籍并附原文引文（转录本，底本待核）,转录异文（经其他传本校读）,三命通会·卷三·论勾绞（底本未核对）,勾者，牵连之义；绞者，羁绊之名 | 阳男阴女，命前三辰为勾,未审核,,,
bz.shensha.十恶大败,kind=shensha name=十恶大败,神煞：十恶大败,十恶大败只看日柱，共十个日。《三命通会》以“律法十恶、兵法大败”作比喻，传统上视为较凶的日柱，但同一段也强调“犯者未必皆凶”，有吉神扶助时当作吉论。原文的日柱列表中“乙丑”应为己丑之误，本项目取己丑，这是传统说法，并不代表现实中一定如此；这里只列出它出现在哪一柱。,流派观点／转述古籍并附原文引文（转录本，底本待核）,转录异文（经其他传本校读）,三命通会·卷三·论十恶大败（底本未核对）,十恶者，譬律法中人，犯十恶重罪，在所不赦 | 况犯者未必皆凶，若内有吉神相扶，贵气相辅，当为吉论,未审核,,,
bz.shensha.天罗,kind=shensha name=天罗,神煞：天罗,天罗指戌亥同时出现在命局中。《三命通会》说“男怕天罗”，又说火命的人才有天罗；本项目取年柱纳音为火的男命、戌亥同见时列出。传统上认为主滞涩，但只是旧书的看法，这是传统说法，并不代表现实中一定如此；这里只列出它出现在哪一柱。,流派观点／转述古籍并附原文引文（转录本，底本待核）,原文明确,三命通会·卷三·论天罗地网（底本未核对）,何以戌亥为天罗，辰巳为地网 | 中间又分火命人有天罗，水、土命人有地网,未审核,,,
bz.shensha.地网,kind=shensha name=地网,神煞：地网,地网指辰巳同时出现在命局中。《三命通会》说“女怕地网”，又说水、土命的人才有地网；本项目取年柱纳音为水或土的女命、辰巳同见时列出。传统上认为主滞涩，但只是旧书的看法，这是传统说法，并不代表现实中一定如此；这里只列出它出现在哪一柱。,流派观点／转述古籍并附原文引文（转录本，底本待核）,原文明确,三命通会·卷三·论天罗地网（底本未核对）,何以戌亥为天罗，辰巳为地网 | 中间又分火命人有天罗，水、土命人有地网,未审核,,,
bz.shensha.三奇贵人,kind=shensha name=三奇贵人,神煞：三奇贵人,三奇指四柱天干中同时有乙丙丁（天上三奇）、甲戊庚（地下三奇）或辛壬癸（人中三奇）。《三命通会》说三奇“要顺布，不欲倒乱”，本项目只要三个天干都出现就列出（检测层），只有三干在年月日或月日时连续并依序排列时才算“依序顺布”成立（成立层），这是传统说法，并不代表现实中一定如此；这里只列出它出现在哪一柱。,流派观点／转述古籍并附原文引文（转录本，底本待核）,原文明确,三命通会·卷三·论三奇（底本未核对）,凡命遇三奇，主人精神异常，襟怀卓越，好奇尚大，博学多能 | 三奇要顺布，不欲倒乱,未审核,,,
bz.shensha.禄神,kind=shensha name=禄神,神煞：禄神,禄神即日干的“禄”：甲禄在寅、乙在卯、丙戊在巳、丁己在午、庚在申、辛在酉、壬在亥、癸在子。《三命通会》把禄解释为“爵禄”，传统上视为较稳固的助力，这是传统说法，并不代表现实中一定如此；这里只列出它出现在哪一柱。,流派观点／转述古籍并附原文引文（转录本，底本待核）,原文明确,三命通会·卷三·论十干禄（底本未核对）,十干就支神为禄，谓禄随旺行，所以甲禄寅，乙禄卯，庚禄申，辛禄酉，壬禄亥，癸禄子,未审核,,,
bz.shensha.魁罡,kind=shensha name=魁罡,神煞：魁罡,魁罡是庚辰、壬辰、戊戌、庚戌四个日柱。《三命通会》称辰为天罡、戌为河魁，传统上认为这类日柱性格刚烈、果断，走运好坏起伏较大，也强调要看整体格局，这是传统说法，并不代表现实中一定如此；这里只列出它出现在哪一柱。,流派观点／转述古籍并附原文引文（转录本，底本待核）,原文明确,三命通会·卷六·魁罡（底本未核对）,此格有四日：庚辰、壬辰、戊戌、庚戌 | 身值天罡地魁，衰则彻骨贫寒，强则绝伦贵显,未审核,,,
bz.shensha.日德,kind=shensha name=日德,神煞：日德,日德是甲寅、丙辰、戊辰、庚辰、壬戌五个日柱。《三命通会》称其“慈善”“逢凶有救”，传统上视为较温厚的日柱，但也提醒运遇魁罡时要留意，这是传统说法，并不代表现实中一定如此；这里只列出它出现在哪一柱。,流派观点／转述古籍并附原文引文（转录本，底本待核）,原文明确,三命通会·卷六·日德（底本未核对）,此格止有五日：甲寅、丙辰、戊辰、庚辰、壬戌,未审核,,,
bz.shensha.日贵,kind=shensha name=日贵,神煞：日贵,日贵是丁酉、丁亥、癸巳、癸卯四个日柱（日柱自坐天乙贵人）。《三命通会》称其“纯粹，有仁德”，传统上视为较清秀的日柱，同时提醒忌刑冲空亡，这是传统说法，并不代表现实中一定如此；这里只列出它出现在哪一柱。,流派观点／转述古籍并附原文引文（转录本，底本待核）,转录异文（经其他传本校读）,三命通会·卷六·日贵（底本未核对）,此格只有四日：丁酉、丁亥、癸巳、癸卯〔异文：文渊阁四库本作“此格止有四日”，一字之差，日柱名单相同，不影响证据作用〕,未审核,,,
bz.shensha.丧门,kind=shensha name=丧门,神煞：丧门,丧门以出生年支为基准，取年支之后第二位。《三命通会》有“命前二辰为丧门”之说，传统上多在流年、大运时提醒留意家中的变故，但只是旧书说法，这是传统说法，并不代表现实中一定如此；这里只列出它出现在哪一柱。,流派观点／转述古籍并附原文引文（转录本，底本待核）,原文明确,三命通会·卷三·总论诸神煞（底本未核对）,取命前二辰为丧门，命后二辰为吊客,未审核,,,
bz.shensha.吊客,kind=shensha name=吊客,神煞：吊客,吊客以出生年支为基准，取年支之前第二位。《三命通会》有“命后二辰为吊客”之说，传统上多在流年、大运时提醒留意家中的变故，但只是旧书说法，这是传统说法，并不代表现实中一定如此；这里只列出它出现在哪一柱。,流派观点／转述古籍并附原文引文（转录本，底本待核）,原文明确,三命通会·卷三·总论诸神煞（底本未核对）,取命前二辰为丧门，命后二辰为吊客,未审核,,,
bz.shensha.天德贵人,kind=shensha name=天德贵人,神煞：天德贵人,天德按出生月来定（正月丁、二月申、三月壬、四月辛、五月亥、六月甲、七月癸、八月寅、九月丙、十月乙、十一月巳、十二月庚），目标可能是天干也可能是地支。《三命通会》把天德视为能“回凶作善”的吉神；原文逐项写了前几个月，并说“余照此”，其余月份依原排列继续推演，与通行表一致，这是传统说法，并不代表现实中一定如此；这里只列出它出现在哪一柱。,流派观点／转述古籍并附原文引文（转录本，底本待核）,原文明确,三命通会·卷三·论天月德（底本未核对）,此十二位宫，能回凶作善，乃曰天德也 | 天德合，如正月丁与壬合，二月坤与巽合，三月壬与丁合，四月辛与丙合，余照此,未审核,,,
bz.shensha.天德合,kind=shensha name=天德合,神煞：天德合,天德合是天德的“合”（如正月丁对应壬，二月申对应巳）。《三命通会》与月德合一同列出，原文写了前几个月并说“余照此”，其余月份依原排列继续推演。传统上视为与天德相配的助力，这是传统说法，并不代表现实中一定如此；这里只列出它出现在哪一柱。,流派观点／转述古籍并附原文引文（转录本，底本待核）,原文明确,三命通会·卷三·论天月德（底本未核对）,天德合，如正月丁与壬合，二月坤与巽合，三月壬与丁合，四月辛与丙合，余照此,未审核,,,
bz.shensha.文昌贵人,kind=shensha name=文昌贵人,神煞：文昌贵人,文昌贵人以年干、日干为基准，落在四柱地支。本项目默认据《三命通会》歌诀（甲巳、乙亥、丙戌、丁辰、戊申、己午、庚寅、辛未、壬卯、癸丑）；也可切换为通行表（甲巳、乙午、丙申、丁酉、戊申、己酉、庚亥、辛子、壬寅、癸卯）。文昌一般被联系到文才与学业，这是通行说法，原文并未展开，这是传统说法，并不代表现实中一定如此；这里只列出它出现在哪一柱。,流派观点／转述古籍并附原文引文（转录本，底本待核）,转录异文（经其他传本校读）,三命通会·卷三·论太极贵（底本未核对）,有文昌贵，甲乙蛇口乙猪头，丙狗丁龙戊向猴；己午庚寅辛未贵，六壬卯位癸逢牛〔异文：项目语料（维基文库）作“甲乙蛇口乙猪头”；文渊阁四库本（Kanripo）作“甲人蛇口乙猪头”，据后者校读为甲巳、乙亥；表为甲巳乙亥丙戌丁辰戊申己午庚寅辛未壬卯癸丑〕,未审核,,,
bz.shensha.太极贵人,kind=shensha name=太极贵人,神煞：太极贵人,太极贵人以年干、日干为基准，落在四柱地支（甲乙子午、丙丁卯酉、戊己辰戌丑未、庚辛寅亥、壬癸申巳）。《三命通会》说它取“造化始终相保”之意，传统上视为吉的贵人，也提醒还要有福气贵神相扶，这是传统说法，并不代表现实中一定如此；这里只列出它出现在哪一柱。,流派观点／转述古籍并附原文引文（转录本，底本待核）,转录异文（经其他传本校读）,三命通会·卷三·论太极贵（底本未核对）,造化始终相保，乃曰太极贵也 | 壬癸水先得则生，后得巳而纳〔异文：项目语料作“壬癸水先得则生”，缺宾语；文渊阁四库本作“壬癸水先得申而生，后得巳而纳”，故壬癸取申、巳〕,未审核,,,
modern_shensha.红鸾,kind=shensha name=红鸾,神煞：红鸾,红鸾按出生年支来定（子年在卯、丑年在寅，以此类推），现代排盘中常与感情、婚恋相联系。这是现代通行整理，项目语料《三命通会》中没有对应的年支表，因此没有古籍引文；并不代表现实中一定如此。这里只列出它出现在哪一柱。,现代整理／通行说法（无具体篇目，待核）,现代通行整理,现代通行整理（底本未核对）,（尚未入库）,未审核,,,
modern_shensha.天喜,kind=shensha name=天喜,神煞：天喜,天喜与红鸾相对（在红鸾所在地支的对冲位），现代排盘中常与喜庆、婚恋相联系。这是现代通行整理，项目语料《三命通会》中没有对应的年支表，因此没有古籍引文；注意它不同于《三命通会》按季节推的“天喜神”，两者不是同一规则。并不代表现实中一定如此。,现代整理／通行说法（无具体篇目，待核）,现代通行整理,现代通行整理（底本未核对）,（尚未入库）,未审核,,,
bz.shensha.正学堂,kind=shensha name=正学堂,神煞：正学堂,“学堂”取人命（以出生年柱纳音五行计）的“长生”位，如金命长生在巳、木在亥、水土在申、火在寅；要求该柱干支的纳音也属同一五行。《三命通会》比作“读书之在学堂”，传统上与学业相联系，并提醒不要犯空亡和冲破，这是传统说法，并不代表现实中一定如此；这里只列出它出现在哪一柱，并注明是否落空亡、逢冲等成色情况。,流派观点／转述古籍并附原文引文（转录本，底本待核）,原文明确,三命通会·卷三·论学堂词馆（底本未核对）,夫学堂者，如人读书之在学堂；词馆者，如今官翰林，谓之词馆，取其学业精专，文章出类 | 长生乃学堂之正位，如金命见辛巳，金长生在巳；辛巳，纳音又属金是也 | 凡学堂词馆，切不要犯空亡及冲破，支干纳音不要见克，方为得用,未审核,,,
bz.shensha.正词馆,kind=shensha name=正词馆,神煞：正词馆,“词馆”取人命（出生年柱纳音五行）的“临官”位，如金命在申、木在寅、水土在亥、火在巳；要求该柱干支的纳音也属同一五行。《三命通会》比作“官翰林”，传统上与文章、学业相联系，也提醒不要犯空亡和冲破，这是传统说法，并不代表现实中一定如此；这里只列出它出现在哪一柱，并注明是否落空亡、逢冲等成色情况。,流派观点／转述古籍并附原文引文（转录本，底本待核）,原文明确,三命通会·卷三·论学堂词馆（底本未核对）,临官乃词馆正位，如金命壬申，金临官在申；壬申，纳音又属金是也〔异文：文渊阁四库本作“金命见壬申”，多一“见”字，语义一致，不影响证据作用〕 | 凡学堂词馆，切不要犯空亡及冲破，支干纳音不要见克，方为得用,未审核,,,
bz.shensha.官贵学堂,kind=shensha name=官贵学堂,神煞：官贵学堂,官贵学堂（又称“学堂会禄”）按日干（或年干）所属五行的“官星”五行来定：官星五行的“长生”地支即为学堂，如甲乙木以金为官，金长生在巳。传统上与学业、仕途相联系，也要留意空亡与冲破。本项目对日干、年干两个基准分别列出并注明，这是传统说法，并不代表现实中一定如此；这里只列出它出现在哪一柱，并注明是否落空亡、逢冲等成色情况。,流派观点／转述古籍并附原文引文（转录本，底本待核）,原文明确,三命通会·卷三·论学堂词馆（底本未核对）,诸家说有学堂会禄，如金长生巳，临官申，甲乙人得之；水土长生申，临官亥，丙丁壬癸人得之；木长生亥，临官寅，戊己人得之；火长生寅，临官巳，庚辛人得之 | 又名官贵学堂，以官贵长生之位为学堂，官贵临官之位为词馆也 | 凡学堂词馆，切不要犯空亡及冲破，支干纳音不要见克，方为得用,未审核,,,
bz.shensha.官贵词馆,kind=shensha name=官贵词馆,神煞：官贵词馆,官贵词馆按日干（或年干）所属五行的“官星”五行来定：官星五行的“临官”地支即为词馆，如甲乙木以金为官，金临官在申。传统上与文章、仕途相联系，也要留意空亡与冲破。本项目对日干、年干两个基准分别列出并注明，这是传统说法，并不代表现实中一定如此；这里只列出它出现在哪一柱，并注明是否落空亡、逢冲等成色情况。,流派观点／转述古籍并附原文引文（转录本，底本待核）,原文明确,三命通会·卷三·论学堂词馆（底本未核对）,诸家说有学堂会禄，如金长生巳，临官申，甲乙人得之；水土长生申，临官亥，丙丁壬癸人得之；木长生亥，临官寅，戊己人得之；火长生寅，临官巳，庚辛人得之 | 又名官贵学堂，以官贵长生之位为学堂，官贵临官之位为词馆也 | 凡学堂词馆，切不要犯空亡及冲破，支干纳音不要见克，方为得用,未审核,,,
bz.shensha.官星学堂,kind=shensha name=官星学堂,神煞：官星学堂,官星学堂是“生处见克”：日干（或年干）五行的长生位，加一个克它的天干，原文列为甲乙人辛亥、丙丁人壬寅、戊己人甲申、庚辛人丁巳。壬癸（水）原文未列，本项目据同一规律反推为戊申（与另一开源实现一致），命中时会注明“据规律反推”。传统上与科名相联系，这是传统说法，并不代表现实中一定如此；这里只列出它出现在哪一柱，并注明是否落空亡、逢冲等成色情况。,流派观点／转述古籍并附原文引文（转录本，底本待核）,原文只给例子、判据反推,三命通会·卷三·论学堂词馆（底本未核对）,有生处见克，如甲乙人辛亥，丁丙人壬寅，戊己人甲申，庚辛人丁巳，谓之官星学堂 | 凡学堂词馆，切不要犯空亡及冲破，支干纳音不要见克，方为得用,未审核,,,
bz.shensha.食神学堂,kind=shensha name=食神学堂,神煞：食神学堂,食神学堂（学堂会食）是日干的食神天干配上其五行长生位，原文举例甲食丙得丙寅、乙食丁得丁巳、丙食戊得戊申。其余日干本项目据这些例子反推：食神干配其五行长生位，阴阳不相配、成不了干支时取临官位。命中时会注明是原文所列还是反推。传统上视为学业与福禄相联系，这是传统说法，并不代表现实中一定如此；这里只列出它出现在哪一柱，并注明是否落空亡、逢冲等成色情况。,流派观点／转述古籍并附原文引文（转录本，底本待核）,原文只给例子、判据反推,三命通会·卷三·论学堂词馆（底本未核对）,有学堂会食，如甲食丙，得丙寅；乙食丁，得丁巳；丙食戊，得戊申之类 | 凡学堂词馆，切不要犯空亡及冲破，支干纳音不要见克，方为得用,未审核,,,
bz.shensha.学堂会贵,kind=shensha name=学堂会贵,神煞：学堂会贵,学堂会贵是年柱纳音见“帝旺”之位，而该位又是年干（本命干）的天乙贵人所在，原文举例“己酉人得丙子、庚子日时，壬午人得辛卯日时”。因例子落在日、时，本项目只在日柱、时柱查找，这是据例子的反推。传统上视为清贵的组合，这是传统说法，并不代表现实中一定如此；这里只列出它出现在哪一柱，并注明是否落空亡、逢冲等成色情况。,流派观点／转述古籍并附原文引文（转录本，底本待核）,原文只给例子、判据反推,三命通会·卷三·论学堂词馆（底本未核对）,有纳音见帝旺之位而逢天乙贵处其上，如己酉人得丙子、庚子日、时、壬午人得辛卯日时之类，谓之学堂会贵，主清贵 | 凡学堂词馆，切不要犯空亡及冲破，支干纳音不要见克，方为得用,未审核,,,